{
  "IcoMoonType": "selection",
  "icons": [
    {
      "icon": {
        "paths": [
          "M512 0c-282.772 0-512 229.228-512 511.99 0 282.782 229.228 512.010 512 512.010s512-229.228 512-512.010c0-282.762-229.228-511.99-512-511.99zM512 994.462c-266.033 0-482.462-216.428-482.462-482.471 0-266.023 216.428-482.452 482.462-482.452s482.462 216.428 482.462 482.452c0 266.043-216.428 482.471-482.462 482.471z",
          "M905.846 492.298h-374.154v-374.144h-39.385v374.144h-374.154v39.394h374.154v374.154h39.385v-374.154h374.154z"
        ],
        "attrs": [
          {},
          {}
        ],
        "isMulticolor": false,
        "isMulticolor2": false,
        "grid": 0,
        "tags": [
          "add"
        ],
        "colorPermutations": {
          "16023311646142122522522514850137149511251": [
            {},
            {}
          ]
        }
      },
      "attrs": [
        {},
        {}
      ],
      "properties": {
        "order": 2,
        "id": 6,
        "name": "add",
        "prevSize": 32,
        "code": 59648
      },
      "setIdx": 0,
      "setId": 2,
      "iconIdx": 0
    },
    {
      "icon": {
        "paths": [
          "M512 0c-282.775 0-512 229.225-512 512s229.225 512 512 512 512-229.225 512-512-229.225-512-512-512zM740.472 680.358c7.71 7.71 12.469 18.342 12.469 30.057 0 23.522-19.064 42.526-42.526 42.526-11.776 0-22.347-4.759-30.057-12.469l-168.358-168.358-168.358 168.358c-7.71 7.71-18.342 12.469-30.057 12.469-23.522 0-42.526-19.004-42.526-42.526 0-11.716 4.759-22.347 12.439-30.057l168.358-168.358-168.358-168.328c-7.68-7.71-12.439-18.342-12.439-30.088 0-23.492 19.004-42.526 42.526-42.526 11.746 0 22.347 4.759 30.057 12.439l168.358 168.358 168.358-168.358c7.71-7.65 18.281-12.439 30.057-12.439 23.462 0 42.526 19.034 42.526 42.526 0 11.776-4.759 22.377-12.469 30.088l-168.358 168.328 168.358 168.358z"
        ],
        "attrs": [
          {
            "fill": "rgb(225, 225, 225)",
            "strokeLinejoin": "miter",
            "strokeLinecap": "butt",
            "strokeMiterlimit": "4",
            "strokeWidth": 30.11764705882353
          }
        ],
        "isMulticolor": false,
        "isMulticolor2": false,
        "grid": 0,
        "tags": [
          "cancle"
        ],
        "colorPermutations": {
          "16023311646142122522522514850137149511251": [
            {
              "f": 4,
              "s": 0
            }
          ]
        }
      },
      "attrs": [
        {
          "fill": "rgb(225, 225, 225)",
          "strokeLinejoin": "miter",
          "strokeLinecap": "butt",
          "strokeMiterlimit": "4",
          "strokeWidth": 30.11764705882353
        }
      ],
      "properties": {
        "order": 3,
        "id": 5,
        "name": "cancle",
        "prevSize": 32,
        "code": 59649
      },
      "setIdx": 0,
      "setId": 2,
      "iconIdx": 1
    },
    {
      "icon": {
        "paths": [
          "M677.647 256v-90.353c0-37.436-23.462-60.235-61.771-60.235h-207.782c-38.249 0-61.741 22.799-61.741 60.235v90.353h-180.706v60.235h60.235v512c0 54.272 33.973 90.353 90.353 90.353h391.529c55.085 0 90.353-33.491 90.353-90.353v-512h60.235v-60.235h-180.706zM406.588 165.647h210.824l-1.265 90.353h-209.559v-90.353zM737.882 858.353h-451.765v-542.118h451.765v542.118zM466.824 376.471v391.529h-60.235l1.506-391.529h58.729zM617.412 376.471v391.529h-60.235v-391.529h60.235z"
        ],
        "attrs": [
          {
            "fill": "rgb(16, 46, 142)",
            "strokeLinejoin": "miter",
            "strokeLinecap": "butt",
            "strokeMiterlimit": "4",
            "strokeWidth": 30.11764705882353
          }
        ],
        "isMulticolor": false,
        "isMulticolor2": false,
        "grid": 0,
        "tags": [
          "delete"
        ],
        "colorPermutations": {
          "16023311646142122522522514850137149511251": [
            {
              "f": 0,
              "s": 0
            }
          ]
        }
      },
      "attrs": [
        {
          "fill": "rgb(16, 46, 142)",
          "strokeLinejoin": "miter",
          "strokeLinecap": "butt",
          "strokeMiterlimit": "4",
          "strokeWidth": 30.11764705882353
        }
      ],
      "properties": {
        "order": 4,
        "id": 4,
        "name": "delete",
        "prevSize": 32,
        "code": 59650
      },
      "setIdx": 0,
      "setId": 2,
      "iconIdx": 2
    },
    {
      "icon": {
        "paths": [
          "M791.582 463.27c2.56 0.572 4.247 1.837 4.247 4.367v312.591c0 43.098-35.87 78.155-80.023 78.155h-500.224c-44.152 0-80.053-35.057-80.053-78.155v-566.543c0-43.098 35.9-78.155 80.053-78.155h380.145c1.416 0 2.47 0.512 3.192 1.325 2.289-0.512 4.397-1.325 6.807-1.325 16.565 0 30.027 13.131 30.027 29.304s-13.463 29.304-30.027 29.304c-2.048 0-3.885-0.753-5.843-1.144-0.693 0.693-1.867 1.144-4.156 1.144h-360.147c-22.076 0-40.026 17.498-40.026 39.063 0 19.546 0 527.48 0 527.48 0 21.534 17.98 39.063 40.026 39.063h460.168c22.046 0 40.026-17.528 40.026-39.063v-293.045c0-4.548 1.656-5.18 4.337-4.488 5.18-8.824 14.547-15.059 25.72-15.059 11.204 0 20.6 6.264 25.751 15.179zM848.203 144.986c12.439 10.692 13.613 29.244 2.711 41.382l-462.908 513.084c-10.963 12.137-29.937 13.312-42.376 2.62s-13.643-29.214-2.68-41.352l462.878-513.114c10.963-12.137 29.937-13.312 42.376-2.62z"
        ],
        "attrs": [
          {
            "fill": "rgb(48, 50, 137)",
            "strokeLinejoin": "miter",
            "strokeLinecap": "butt",
            "strokeMiterlimit": "4",
            "strokeWidth": 30.11764705882353
          }
        ],
        "isMulticolor": false,
        "isMulticolor2": false,
        "grid": 0,
        "tags": [
          "edit"
        ],
        "colorPermutations": {
          "16023311646142122522522514850137149511251": [
            {
              "f": 2,
              "s": 0
            }
          ]
        }
      },
      "attrs": [
        {
          "fill": "rgb(48, 50, 137)",
          "strokeLinejoin": "miter",
          "strokeLinecap": "butt",
          "strokeMiterlimit": "4",
          "strokeWidth": 30.11764705882353
        }
      ],
      "properties": {
        "order": 5,
        "id": 3,
        "name": "edit",
        "prevSize": 32,
        "code": 59651
      },
      "setIdx": 0,
      "setId": 2,
      "iconIdx": 3
    },
    {
      "icon": {
        "paths": [
          "M976.474 571.934c-8.403 10.24-209.589 249.946-464.474 249.946s-456.072-239.706-464.504-249.946l-17.468-21.112 17.468-21.143c8.433-10.21 209.589-249.916 464.504-249.916s456.072 239.706 464.474 249.916l17.468 21.143-17.468 21.112zM512 344.817c-184.471 0-343.944 149.564-397.493 205.975 53.67 56.35 213.444 206.035 397.493 206.035 184.471 0 343.944-149.564 397.493-205.975-53.67-56.38-213.444-206.035-397.493-206.035zM512 691.772c-75.204 0-136.373-63.247-136.373-140.951s61.169-140.951 136.373-140.951 136.373 63.247 136.373 140.951-61.199 140.951-136.373 140.951zM512 474.925c-40.478 0-73.427 34.063-73.427 75.927s32.949 75.896 73.427 75.896 73.427-34.033 73.427-75.896-32.949-75.927-73.427-75.927z"
        ],
        "attrs": [
          {
            "fill": "rgb(0, 160, 233)",
            "strokeLinejoin": "miter",
            "strokeLinecap": "butt",
            "strokeMiterlimit": "4",
            "strokeWidth": 30.11764705882353
          }
        ],
        "isMulticolor": false,
        "isMulticolor2": false,
        "grid": 0,
        "tags": [
          "preview"
        ],
        "colorPermutations": {
          "16023311646142122522522514850137149511251": [
            {
              "f": 3,
              "s": 0
            }
          ]
        }
      },
      "attrs": [
        {
          "fill": "rgb(0, 160, 233)",
          "strokeLinejoin": "miter",
          "strokeLinecap": "butt",
          "strokeMiterlimit": "4",
          "strokeWidth": 30.11764705882353
        }
      ],
      "properties": {
        "order": 6,
        "id": 2,
        "name": "preview",
        "prevSize": 32,
        "code": 59652
      },
      "setIdx": 0,
      "setId": 2,
      "iconIdx": 4
    },
    {
      "icon": {
        "paths": [
          "M751.968 624.096c-55.68 0-103.456 31.968-127.392 78.24l-257.216-156.288c10.336-19.872 16.736-42.080 16.736-66.016 0-16.352-3.328-31.776-8.32-46.432l269.504-145.6c26.368 29.312 64.192 48.096 106.688 48.096 79.552 0 144-64.48 144-144s-64.448-144-144-144c-79.488 0-144 64.48-144 144 0 13.952 2.592 27.168 6.304 39.904l-271.84 146.848c-26.080-26.4-62.272-42.816-102.368-42.816-79.52 0-144 64.48-144 144s64.48 144 144 144c32.064 0 61.408-10.848 85.344-28.576l282.656 171.744c0 0.32-0.096 0.608-0.096 0.864 0 79.52 64.512 144 144 144 79.552 0 144-64.48 144-144s-64.448-143.968-144-143.968zM751.968 112.096c44.128 0 80 35.904 80 80s-35.872 80-80 80-80-35.904-80-80 35.872-80 80-80zM240.064 560.032c-44.096 0-80-35.904-80-80s35.904-80 80-80 80 35.904 80 80-35.872 80-80 80zM751.968 848.096c-44.128 0-80-35.872-80-80s35.872-80 80-80 80 35.872 80 80-35.872 80-80 80z"
        ],
        "attrs": [
          {
            "strokeLinejoin": "miter",
            "strokeLinecap": "butt",
            "strokeMiterlimit": "4",
            "strokeWidth": 32
          }
        ],
        "isMulticolor": false,
        "isMulticolor2": false,
        "grid": 0,
        "tags": [
          "share"
        ],
        "colorPermutations": {
          "16023311646142122522522514850137149511251": [
            {
              "s": 0
            }
          ]
        }
      },
      "attrs": [
        {
          "strokeLinejoin": "miter",
          "strokeLinecap": "butt",
          "strokeMiterlimit": "4",
          "strokeWidth": 32
        }
      ],
      "properties": {
        "order": 7,
        "id": 1,
        "name": "share",
        "prevSize": 32,
        "code": 59653
      },
      "setIdx": 0,
      "setId": 2,
      "iconIdx": 5
    },
    {
      "icon": {
        "paths": [
          "M505.984 975.317c-259.2 0-469.333-210.133-469.333-469.333s210.133-469.333 469.333-469.333 469.333 210.133 469.333 469.333-210.091 469.333-469.333 469.333zM505.984 124.672c-210.603 0-381.355 170.709-381.355 381.355 0 210.603 170.709 381.355 381.355 381.355 210.603 0 381.355-170.752 381.355-381.355 0-210.645-170.752-381.355-381.355-381.355zM696.661 550.016c24.277 0 43.989-19.755 43.989-44.032s-19.712-43.989-43.989-43.989h-146.688v-219.989c0-24.277-19.712-43.989-43.989-43.989-24.32 0-43.989 19.712-43.989 43.989v264.021c0 24.277 19.669 43.989 43.989 43.989h190.677z"
        ],
        "attrs": [
          {
            "fill": "rgb(49, 51, 125)",
            "strokeLinejoin": "miter",
            "strokeLinecap": "butt",
            "strokeMiterlimit": "4",
            "strokeWidth": 42.666666666666664
          }
        ],
        "isMulticolor": false,
        "isMulticolor2": false,
        "grid": 0,
        "tags": [
          "time"
        ],
        "colorPermutations": {
          "16023311646142122522522514850137149511251": [
            {
              "f": 1,
              "s": 0
            }
          ]
        }
      },
      "attrs": [
        {
          "fill": "rgb(49, 51, 125)",
          "strokeLinejoin": "miter",
          "strokeLinecap": "butt",
          "strokeMiterlimit": "4",
          "strokeWidth": 42.666666666666664
        }
      ],
      "properties": {
        "order": 8,
        "id": 0,
        "name": "time",
        "prevSize": 32,
        "code": 59654
      },
      "setIdx": 0,
      "setId": 2,
      "iconIdx": 6
    }
  ],
  "height": 1024,
  "metadata": {
    "name": "icomoon"
  },
  "preferences": {
    "showGlyphs": true,
    "showQuickUse": true,
    "showQuickUse2": true,
    "showSVGs": true,
    "fontPref": {
      "prefix": "icon-",
      "metadata": {
        "fontFamily": "icomoon"
      },
      "metrics": {
        "emSize": 1024,
        "baseline": 6.25,
        "whitespace": 50
      },
      "embed": false
    },
    "imagePref": {
      "prefix": "icon-",
      "png": true,
      "useClassSelector": true,
      "color": 0,
      "bgColor": 16777215,
      "classSelector": ".icon"
    },
    "historySize": 50,
    "showCodes": true,
    "gridSize": 16
  }
}